ÀPÍNLẸ̀RỌ - PRODUCT COLLECTION FORM,,,,,,,,,
Please fill in all your products below. We will set up your online store!,,,,,,,,,
,,,,,,,,,
BUSINESS NAME:,,,,,,,,,
CONTACT PERSON:,,,,,,,,,
PHONE:,,,,,,,,,
EMAIL:,,,,,,,,,
,,,,,,,,,
CATEGORIES: Grains | Oils | Fish | Meat | Spices | Flour | Produce | Seasonings | Canned | Drinks | Snacks | Frozen,,,,,,,,,
UNITS: each | kg | bag | box | pack | bottle | tin | case,,,,,,,,,
,,,,,,,,,
#,Product Name,Selling Price (£),Cost Price (£),Category,Unit,Current Stock,Supplier,Barcode,Expiry Date,Notes
EXAMPLE:,Tilda Basmati Rice 5kg,12.99,8.50,Grains,bag,50,ABC Wholesale,5011157100012,31/12/2026,Best seller
,,,,,,,,,
1,,,,,,,,,,
2,,,,,,,,,,
3,,,,,,,,,,
4,,,,,,,,,,
5,,,,,,,,,,
6,,,,,,,,,,
7,,,,,,,,,,
8,,,,,,,,,,
9,,,,,,,,,,
10,,,,,,,,,,
11,,,,,,,,,,
12,,,,,,,,,,
13,,,,,,,,,,
14,,,,,,,,,,
15,,,,,,,,,,
16,,,,,,,,,,
17,,,,,,,,,,
18,,,,,,,,,,
19,,,,,,,,,,
20,,,,,,,,,,
21,,,,,,,,,,
22,,,,,,,,,,
23,,,,,,,,,,
24,,,,,,,,,,
25,,,,,,,,,,
26,,,,,,,,,,
27,,,,,,,,,,
28,,,,,,,,,,
29,,,,,,,,,,
30,,,,,,,,,,
31,,,,,,,,,,
32,,,,,,,,,,
33,,,,,,,,,,
34,,,,,,,,,,
35,,,,,,,,,,
36,,,,,,,,,,
37,,,,,,,,,,
38,,,,,,,,,,
39,,,,,,,,,,
40,,,,,,,,,,
41,,,,,,,,,,
42,,,,,,,,,,
43,,,,,,,,,,
44,,,,,,,,,,
45,,,,,,,,,,
46,,,,,,,,,,
47,,,,,,,,,,
48,,,,,,,,,,
49,,,,,,,,,,
50,,,,,,,,,,
51,,,,,,,,,,
52,,,,,,,,,,
53,,,,,,,,,,
54,,,,,,,,,,
55,,,,,,,,,,
56,,,,,,,,,,
57,,,,,,,,,,
58,,,,,,,,,,
59,,,,,,,,,,
60,,,,,,,,,,
61,,,,,,,,,,
62,,,,,,,,,,
63,,,,,,,,,,
64,,,,,,,,,,
65,,,,,,,,,,
66,,,,,,,,,,
67,,,,,,,,,,
68,,,,,,,,,,
69,,,,,,,,,,
70,,,,,,,,,,
71,,,,,,,,,,
72,,,,,,,,,,
73,,,,,,,,,,
74,,,,,,,,,,
75,,,,,,,,,,
76,,,,,,,,,,
77,,,,,,,,,,
78,,,,,,,,,,
79,,,,,,,,,,
80,,,,,,,,,,
81,,,,,,,,,,
82,,,,,,,,,,
83,,,,,,,,,,
84,,,,,,,,,,
85,,,,,,,,,,
86,,,,,,,,,,
87,,,,,,,,,,
88,,,,,,,,,,
89,,,,,,,,,,
90,,,,,,,,,,
91,,,,,,,,,,
92,,,,,,,,,,
93,,,,,,,,,,
94,,,,,,,,,,
95,,,,,,,,,,
96,,,,,,,,,,
97,,,,,,,,,,
98,,,,,,,,,,
99,,,,,,,,,,
100,,,,,,,,,,
,,,,,,,,,
Send this completed form to:,,,,,,,,,
WhatsApp: [Your Number],,,,,,,,,
Email: support@apinlero.com,,,,,,,,,
